,Unique Key,Created Date,Closed Date,Agency,Agency Name,Complaint Type,Descriptor,Location Type,Incident Zip,Incident Address,Street Name,Cross Street 1,Cross Street 2,Intersection Street 1,Intersection Street 2,Address Type,City,Landmark,Facility Type,Status,Due Date,Resolution Description,Resolution Action Updated Date,Community Board,Borough,X Coordinate (State Plane),Y Coordinate (State Plane),Park Facility Name,Park Borough,School Name,School Number,School Region,School Code,School Phone Number,School Address,School City,School State,School Zip,School Not Found,School or Citywide Complaint,Vehicle Type,Taxi Company Borough,Taxi Pick Up Location,Bridge Highway Name,Bridge Highway Direction,Road Ramp,Bridge Highway Segment,Garage Lot Name,Ferry Direction,Ferry Terminal Name,Latitude,Longitude,Location
0,31015465,07/06/2015 10:58:27 AM,07/22/2015 01:07:20 AM,DCA,Department of Consumer Affairs,Consumer Complaint,Demand for Cash,,11360.0,27-16 203 STREET,203 STREET,27 AVENUE,BEND,,,ADDRESS,BAYSIDE,,,Closed,07/23/2015 03:33:35 PM,"The Department of Consumer Affairs mailed you a complaint form. If you received the form and have not yet completed it, please do so. Be sure to follow the instructions on the form and return it to DCA with all required documentation.     311 can assist those who have not received the complaint form by creating a new Service Request. Additionally, 311 can assist those who returned the form but want to inquire about the status of the filed complaint.",07/22/2015 01:07:20 AM,11 QUEENS,QUEENS,1042903.0,221169.0,Unspecified,QUEENS,Unspecified,Unspecified,Unspecified,Unspecified,Unspecified,Unspecified,Unspecified,Unspecified,Unspecified,N,,,,,,,,,,,,40.7735395525,-73.7882369723,"(40.773539552542, -73.78823697228408)"
1,30997660,07/03/2015 01:26:29 PM,07/03/2015 02:08:20 PM,NYPD,New York City Police Department,Vending,In Prohibited Area,Residential Building/House,10019.0,200 CENTRAL PARK SOUTH,CENTRAL PARK SOUTH,7 AVENUE,COLUMBUS CIRCLE,,,ADDRESS,NEW YORK,,Precinct,Closed,07/03/2015 09:26:29 PM,The Police Department responded to the complaint and with the information available observed no evidence of the violation at that time.,07/03/2015 02:08:20 PM,05 MANHATTAN,MANHATTAN,989943.0,218724.0,Unspecified,MANHATTAN,Unspecified,Unspecified,Unspecified,Unspecified,Unspecified,Unspecified,Unspecified,Unspecified,Unspecified,N,,,,,,,,,,,,40.7670214217,-73.9794478072,"(40.76702142171206, -73.97944780718524)"
2,31950223,11/09/2015 03:55:09 AM,11/09/2015 08:08:57 AM,NYPD,New York City Police Department,Blocked Driveway,No Access,Street/Sidewalk,10453.0,1993 GRAND AVENUE,GRAND AVENUE,WEST TREMONT AVENUE,WEST BURNSIDE AVENUE,,,ADDRESS,BRONX,,Precinct,Closed,11/09/2015 11:55:09 AM,The Police Department responded to the complaint and determined that police action was not necessary.,11/09/2015 08:08:57 AM,05 BRONX,BRONX,1008980.0,249941.0,Unspecified,BRONX,Unspecified,Unspecified,Unspecified,Unspecified,Unspecified,Unspecified,Unspecified,Unspecified,Unspecified,N,,,,,,,,,,,,40.8526706188,-73.9106077136,"(40.85267061877697, -73.91060771362552)"
3,31000038,07/03/2015 02:18:32 AM,07/03/2015 07:54:48 AM,NYPD,New York City Police Department,Noise - Commercial,Loud Music/Party,Club/Bar/Restaurant,11372.0,84-16 NORTHERN BOULEVARD,NORTHERN BOULEVARD,84 STREET,85 STREET,,,ADDRESS,JACKSON HEIGHTS,,Precinct,Closed,07/03/2015 10:18:32 AM,The Police Department responded to the complaint and took action to fix the condition.,07/03/2015 07:54:48 AM,03 QUEENS,QUEENS,1016592.0,214647.0,Unspecified,QUEENS,Unspecified,Unspecified,Unspecified,Unspecified,Unspecified,Unspecified,Unspecified,Unspecified,Unspecified,N,,,,,,,,,,,,40.7557737865,-73.8832624323,"(40.755773786469966, -73.88326243225418)"
4,30995614,07/04/2015 12:03:27 AM,07/04/2015 03:33:09 AM,NYPD,New York City Police Department,Noise - Street/Sidewalk,Loud Talking,Street/Sidewalk,11216.0,1057 BERGEN STREET,BERGEN STREET,ROGERS AVENUE,NOSTRAND AVENUE,,,ADDRESS,BROOKLYN,,Precinct,Closed,07/04/2015 08:03:27 AM,The Police Department responded and upon arrival those responsible for the condition were gone.,07/04/2015 03:33:09 AM,08 BROOKLYN,BROOKLYN,997767.0,185629.0,Unspecified,BROOKLYN,Unspecified,Unspecified,Unspecified,Unspecified,Unspecified,Unspecified,Unspecified,Unspecified,Unspecified,N,,,,,,,,,,,,40.676175161,-73.9512690005,"(40.67617516102934, -73.9512690004692)"
5,31042454,07/09/2015 12:00:00 AM,07/20/2015 12:00:00 AM,DOHMH,Department of Health and Mental Hygiene,Standing Water,Other - Explain Below,Other,,,,MURDOCK AVENUE,112 STREET,MURDOCK AVENUE,112 STREET,,,,,Closed,08/08/2015 11:39:07 AM,The Department of Health and Mental Hygiene will review this Service Request. These types of complaints usually result in agency contact or an inspection. Status will be available at www.nyc.gov/311 within 30 days of the date you submitted the request. Note the Service Request number for future reference.,07/20/2015 12:00:00 AM,Unspecified QUEENS,QUEENS,,,Unspecified,QUEENS,Unspecified,Unspecified,Unspecified,Unspecified,Unspecified,Unspecified,Unspecified,Unspecified,Unspecified,N,,,,,,,,,,,,,,
6,31043076,07/09/2015 12:04:06 PM,,DPR,Department of Parks and Recreation,Root/Sewer/Sidewalk Condition,Trees and Sidewalks Program,Street,10469.0,3344 PEARSALL AVENUE,PEARSALL AVENUE,GIVAN AVENUE,BOSTON ROAD,,,ADDRESS,BRONX,,,Open,08/08/2015 12:04:06 PM,The Department of Parks and Recreation usually requires 30 days to inspect this type of complaint. Please note your Service Request number for future reference.,,12 BRONX,BRONX,1025273.0,257571.0,Unspecified,BRONX,Unspecified,Unspecified,Unspecified,Unspecified,Unspecified,Unspecified,Unspecified,Unspecified,Unspecified,N,,,,,,,,,,,,40.8735519639,-73.8516662955,"(40.8735519638795, -73.85166629554799)"
7,31037751,07/09/2015 12:00:00 AM,,DOHMH,Department of Health and Mental Hygiene,Standing Water,Puddle in Ground,3+ Family Apartment Building,10016.0,379 THIRD AVENUE,THIRD AVENUE,EAST 27 STREET,EAST 28 STREET,,,ADDRESS,NEW YORK,,,Open,08/08/2015 12:31:34 PM,The Department of Health and Mental Hygiene will review this Service Request. These types of complaints usually result in agency contact or an inspection. Status will be available at www.nyc.gov/311 within 30 days of the date you submitted the request. Note the Service Request number for future reference.,07/13/2015 12:00:00 AM,06 MANHATTAN,MANHATTAN,989470.0,209439.0,Unspecified,MANHATTAN,Unspecified,Unspecified,Unspecified,Unspecified,Unspecified,Unspecified,Unspecified,Unspecified,Unspecified,N,,,,,,,,,,,,40.741536748,-73.9811625838,"(40.741536747969185, -73.98116258383294)"
8,31298553,08/12/2015 11:09:49 AM,08/28/2015 01:06:41 AM,DCA,Department of Consumer Affairs,Consumer Complaint,Damaged/Defective Goods,,11420.0,127-19 111 AVENUE,111 AVENUE,127 STREET,128 STREET,,,ADDRESS,SOUTH OZONE PARK,,,Closed,08/29/2015 01:33:38 PM,"The Department of Consumer Affairs mailed you a complaint form. If you received the form and have not yet completed it, please do so. Be sure to follow the instructions on the form and return it to DCA with all required documentation.     311 can assist those who have not received the complaint form by creating a new Service Request. Additionally, 311 can assist those who returned the form but want to inquire about the status of the filed complaint.",08/28/2015 01:06:41 AM,10 QUEENS,QUEENS,1035822.0,188015.0,Unspecified,QUEENS,Unspecified,Unspecified,Unspecified,Unspecified,Unspecified,Unspecified,Unspecified,Unspecified,Unspecified,N,,,,,,,,,,,,40.6825842717,-73.8140564915,"(40.68258427168297, -73.81405649149323)"
9,31492526,09/09/2015 09:59:03 PM,09/09/2015 11:17:39 PM,NYPD,New York City Police Department,Noise - Street/Sidewalk,Loud Talking,Street/Sidewalk,11238.0,238 SAINT JAMES PLACE,SAINT JAMES PLACE,GATES AVENUE,FULTON STREET,,,ADDRESS,BROOKLYN,,Precinct,Closed,09/10/2015 05:59:03 AM,The Police Department responded to the complaint and with the information available observed no evidence of the violation at that time.,09/09/2015 11:17:39 PM,02 BROOKLYN,BROOKLYN,994297.0,188226.0,Unspecified,BROOKLYN,Unspecified,Unspecified,Unspecified,Unspecified,Unspecified,Unspecified,Unspecified,Unspecified,Unspecified,N,,,,,,,,,,,,40.683307955,-73.9637750455,"(40.68330795503152, -73.96377504548408)"
10,31495596,09/09/2015 12:12:46 PM,12/15/2015 02:07:21 PM,DPR,Department of Parks and Recreation,Overgrown Tree/Branches,Hitting Power/Phone Lines,Street,11412.0,197-16 LINDEN BOULEVARD,LINDEN BOULEVARD,197 STREET,198 STREET,,,ADDRESS,SAINT ALBANS,,,Closed,09/19/2015 12:12:46 PM,No action was taken because the Department of Parks and Recreation determined that the issue is out of its jurisdiction.,12/15/2015 02:07:21 PM,12 QUEENS,QUEENS,1052268.0,192124.0,Unspecified,QUEENS,Unspecified,Unspecified,Unspecified,Unspecified,Unspecified,Unspecified,Unspecified,Unspecified,Unspecified,N,,,,,,,,,,,,40.6937513909,-73.7547190161,"(40.693751390945614, -73.7547190161349)"
11,31593923,09/22/2015 01:50:05 PM,,DPR,Department of Parks and Recreation,Root/Sewer/Sidewalk Condition,Affecting Sewer or Foundation,Street,11413.0,139-02 SOUTHGATE PLAZA,SOUTHGATE PLAZA,BEND,BEND,,,ADDRESS,SPRINGFIELD GARDENS,,,Open,10/22/2015 01:50:05 PM,The Department of Parks and Recreation usually requires 30 days to inspect this type of complaint and may take up to 90 days to resolve it. Please note your Service Request number for future reference.,,12 QUEENS,QUEENS,1051252.0,184721.0,Unspecified,QUEENS,Unspecified,Unspecified,Unspecified,Unspecified,Unspecified,Unspecified,Unspecified,Unspecified,Unspecified,N,,,,,,,,,,,,40.6734396715,-73.7584564266,"(40.67343967153766, -73.75845642658422)"
12,31593417,09/22/2015 01:12:13 PM,09/25/2015 11:20:14 AM,DOB,DOB Inspections - Queens,Construction,Initial - Construction,Street Address,11692.0,158 SEA GRASS LANE,SEA GRASS LANE,OCEAN AVENUE NORTH,BEND,,,ADDRESS,ARVERNE,,,Closed,09/26/2015 01:12:13 PM,The Department of Buildings contacted you and scheduled an inspection. See Notes to Customer for more details.,09/25/2015 11:20:14 AM,14 QUEENS,QUEENS,1041947.0,154429.0,Unspecified,QUEENS,Unspecified,Unspecified,Unspecified,Unspecified,Unspecified,Unspecified,Unspecified,Unspecified,Unspecified,N,,,,,,,,,,,,40.5903603187,-73.7922599839,"(40.59036031868076, -73.79225998389893)"
13,31593599,09/22/2015 03:07:51 PM,,DPR,Department of Parks and Recreation,Overgrown Tree/Branches,Hitting Power/Phone Lines,Street,11001.0,86-15 262 STREET,262 STREET,86 AVENUE,BOROUGH BOUNDARY,,,ADDRESS,FLORAL PARK,,,Open,10/02/2015 03:07:51 PM,The Department of Parks and Recreation usually requires 10 days to review a request and determine the appropriate action. Please note your Service Request number for future reference.,,13 QUEENS,QUEENS,1066019.0,206668.0,Unspecified,QUEENS,Unspecified,Unspecified,Unspecified,Unspecified,Unspecified,Unspecified,Unspecified,Unspecified,Unspecified,N,,,,,,,,,,,,40.7335546068,-73.7049549681,"(40.7335546067691, -73.704954968102)"
14,30502370,04/28/2015 06:26:58 PM,04/28/2015 07:29:34 PM,NYPD,New York City Police Department,Noise - Commercial,Car/Truck Music,Store/Commercial,10035.0,1911 MADISON AVENUE,MADISON AVENUE,EAST 123 STREET,EAST 124 STREET,,,ADDRESS,NEW YORK,,Precinct,Closed,04/29/2015 02:26:58 AM,The Police Department responded to the complaint and with the information available observed no evidence of the violation at that time.,04/28/2015 07:29:34 PM,11 MANHATTAN,MANHATTAN,1000444.0,232426.0,Unspecified,MANHATTAN,Unspecified,Unspecified,Unspecified,Unspecified,Unspecified,Unspecified,Unspecified,Unspecified,Unspecified,N,,,,,,,,,,,,40.8046167456,-73.9415053197,"(40.80461674564084, -73.9415053197214)"
15,30498881,04/28/2015 05:54:46 PM,10/08/2015 04:30:57 PM,DOT,Department of Transportation,Street Condition,Line/Marking - Faded,Street,11420.0,,,,,134 STREET,NORTH CONDUIT AVENUE,INTERSECTION,SOUTH OZONE PARK,,,Closed,05/28/2015 05:54:46 PM,"The Department of Transportation inspected the condition you reported. You can find additional information in the ""Notes to Customer"" field.",10/08/2015 04:30:57 PM,10 QUEENS,QUEENS,1038221.0,182304.0,Unspecified,QUEENS,Unspecified,Unspecified,Unspecified,Unspecified,Unspecified,Unspecified,Unspecified,Unspecified,Unspecified,N,,,,,,,,,,,,40.6668945981,-73.8054526253,"(40.666894598092256, -73.80545262528688)"
16,31524474,09/13/2015 01:35:02 PM,09/13/2015 10:02:02 PM,NYPD,New York City Police Department,Derelict Vehicle,With License Plate,Street/Sidewalk,11249.0,84 SOUTH 10 STREET,SOUTH 10 STREET,BERRY STREET,BEDFORD AVENUE,,,ADDRESS,BROOKLYN,,Precinct,Closed,09/13/2015 09:35:02 PM,The Police Department responded to the complaint and determined that police action was not necessary.,09/13/2015 10:02:02 PM,01 BROOKLYN,BROOKLYN,993775.0,197278.0,Unspecified,BROOKLYN,Unspecified,Unspecified,Unspecified,Unspecified,Unspecified,Unspecified,Unspecified,Unspecified,Unspecified,N,,,,,,,,,,,,40.7081541684,-73.9656443416,"(40.70815416838622, -73.96564434164706)"
17,31527345,09/13/2015 09:04:42 PM,09/14/2015 01:51:56 AM,NYPD,New York City Police Department,Blocked Driveway,No Access,Street/Sidewalk,10461.0,2443 POPLAR STREET,POPLAR STREET,BRONXDALE AVENUE,PAULDING AVENUE,,,ADDRESS,BRONX,,Precinct,Closed,09/14/2015 05:04:42 AM,The Police Department responded to the complaint and with the information available observed no evidence of the violation at that time.,09/14/2015 01:51:56 AM,11 BRONX,BRONX,1024858.0,246429.0,Unspecified,BRONX,Unspecified,Unspecified,Unspecified,Unspecified,Unspecified,Unspecified,Unspecified,Unspecified,Unspecified,N,,,,,,,,,,,,40.8429724771,-73.8532343783,"(40.84297247714469, -73.85323437828721)"
18,31006258,07/04/2015 04:57:07 PM,09/03/2015 06:26:41 AM,DOHMH,Department of Health and Mental Hygiene,Food Establishment,Food Contaminated,Restaurant/Bar/Deli/Bakery,10024.0,519 COLUMBUS AVENUE,COLUMBUS AVENUE,WEST 85 STREET,WEST 86 STREET,,,ADDRESS,NEW YORK,,,Closed,09/02/2015 04:57:07 PM,"The Department of Health and Mental Hygiene has sent official written notification to the Owner/Landlord warning them of potential violations and instructing them to correct the situation.  If the situation persists 21 days after your initial complaint, please make a new complaint.",09/03/2015 06:26:41 AM,07 MANHATTAN,MANHATTAN,991841.0,225604.0,Unspecified,MANHATTAN,Unspecified,Unspecified,Unspecified,Unspecified,Unspecified,Unspecified,Unspecified,Unspecified,Unspecified,N,,,,,,,,,,,,40.785903785,-73.9725881009,"(40.785903785020274, -73.97258810089549)"
19,30668699,05/21/2015 07:01:52 PM,05/21/2015 09:56:29 PM,NYPD,New York City Police Department,Noise - Street/Sidewalk,Loud Talking,Street/Sidewalk,10026.0,8 WEST 111 STREET,WEST 111 STREET,5 AVENUE,LENOX AVENUE,,,ADDRESS,NEW YORK,,Precinct,Closed,05/22/2015 03:01:52 AM,The Police Department responded to the complaint and took action to fix the condition.,05/21/2015 09:56:29 PM,10 MANHATTAN,MANHATTAN,998260.0,229916.0,Unspecified,MANHATTAN,Unspecified,Unspecified,Unspecified,Unspecified,Unspecified,Unspecified,Unspecified,Unspecified,Unspecified,N,,,,,,,,,,,,40.7977312164,-73.9493994263,"(40.79773121644539, -73.94939942634502)"
20,31060994,07/13/2015 01:14:41 AM,07/13/2015 07:20:37 AM,NYPD,New York City Police Department,Illegal Parking,Blocked Hydrant,Street/Sidewalk,11229.0,2365 EAST 13 STREET,EAST 13 STREET,GRAVESEND NECK ROAD,AVENUE X,,,ADDRESS,BROOKLYN,,Precinct,Closed,07/13/2015 09:14:41 AM,The Police Department responded to the complaint and determined that police action was not necessary.,07/13/2015 07:20:37 AM,15 BROOKLYN,BROOKLYN,996149.0,155277.0,Unspecified,BROOKLYN,Unspecified,Unspecified,Unspecified,Unspecified,Unspecified,Unspecified,Unspecified,Unspecified,Unspecified,N,,,,,,,,,,,,40.5928677078,-73.9571556744,"(40.59286770783599, -73.9571556744473)"
21,31181885,07/28/2015 10:16:21 AM,07/28/2015 11:52:28 AM,NYPD,New York City Police Department,Illegal Parking,Double Parked Blocking Traffic,Street/Sidewalk,10029.0,PARK AVENUE,PARK AVENUE,EAST 96 STREET,EAST 97 STREET,,,BLOCKFACE,NEW YORK,,Precinct,Closed,07/28/2015 06:16:21 PM,The Police Department responded to the complaint and took action to fix the condition.,07/28/2015 11:52:28 AM,11 MANHATTAN,MANHATTAN,997457.0,225963.0,Unspecified,MANHATTAN,Unspecified,Unspecified,Unspecified,Unspecified,Unspecified,Unspecified,Unspecified,Unspecified,Unspecified,N,,,,,,,,,,,,40.786882536,-73.9523074318,"(40.78688253597128, -73.95230743177314)"
22,30673749,05/21/2015 08:40:35 PM,05/21/2015 11:19:33 PM,NYPD,New York City Police Department,Blocked Driveway,Partial Access,Street/Sidewalk,11201.0,125 BOERUM PLACE,BOERUM PLACE,DEAN STREET,BERGEN STREET,,,ADDRESS,BROOKLYN,,Precinct,Closed,05/22/2015 04:40:35 AM,The Police Department responded to the complaint and with the information available observed no evidence of the violation at that time.,05/21/2015 11:19:33 PM,02 BROOKLYN,BROOKLYN,986562.0,189827.0,Unspecified,BROOKLYN,Unspecified,Unspecified,Unspecified,Unspecified,Unspecified,Unspecified,Unspecified,Unspecified,Unspecified,N,,,,,,,,,,,,40.687707734,-73.99166342,"(40.687707734021295, -73.99166342004337)"
23,30671660,05/21/2015 04:43:05 AM,05/21/2015 06:18:38 AM,NYPD,New York City Police Department,Illegal Parking,Blocked Hydrant,Street/Sidewalk,11228.0,284 BAY 11 STREET,BAY 11 STREET,CROPSEY AVENUE,INDEPENDENCE AVENUE,,,ADDRESS,BROOKLYN,,Precinct,Closed,05/21/2015 12:43:05 PM,The Police Department responded and upon arrival those responsible for the condition were gone.,05/21/2015 06:18:38 AM,11 BROOKLYN,BROOKLYN,980414.0,159695.0,Unspecified,BROOKLYN,Unspecified,Unspecified,Unspecified,Unspecified,Unspecified,Unspecified,Unspecified,Unspecified,Unspecified,N,,,,,,,,,,,,40.6050013808,-74.0138146648,"(40.605001380818734, -74.01381466478367)"
24,30670824,05/21/2015 06:31:40 PM,05/21/2015 09:45:49 PM,NYPD,New York City Police Department,Vending,In Prohibited Area,Street/Sidewalk,10004.0,,,,,BROADWAY,BATTERY PLACE,INTERSECTION,NEW YORK,,Precinct,Closed,05/22/2015 02:31:40 AM,The Police Department responded to the complaint and with the information available observed no evidence of the violation at that time.,05/21/2015 09:45:49 PM,01 MANHATTAN,MANHATTAN,980288.0,195963.0,Unspecified,MANHATTAN,Unspecified,Unspecified,Unspecified,Unspecified,Unspecified,Unspecified,Unspecified,Unspecified,Unspecified,N,,,,,,,,,,,,40.7045490434,-74.014289738,"(40.70454904344675, -74.01428973798721)"
25,31435374,08/31/2015 03:35:00 PM,09/01/2015 12:00:00 PM,DSNY,P - Manhattan and Bronx,Dirty Conditions,E12 Illegal Dumping Surveillance,Sidewalk,10474.0,,,,,WHITTIER STREET,SENECA AVENUE,INTERSECTION,BRONX,,,Closed,,,09/01/2015 12:00:00 PM,02 BRONX,BRONX,1016120.0,237780.0,Unspecified,BRONX,Unspecified,Unspecified,Unspecified,Unspecified,Unspecified,Unspecified,Unspecified,Unspecified,Unspecified,,,,,,,,,,,,,40.819269335,-73.8848563462,"(40.81926933497002, -73.88485634621742)"
26,31591848,09/22/2015 08:51:13 PM,02/16/2016 01:44:34 PM,DPR,Department of Parks and Recreation,Illegal Tree Damage,Unauthorized Tree Removal,,11378.0,5310 69TH ST,69TH ST,,,,,LATLONG,MASPETH,,,Closed,10/01/2015 08:54:57 AM,The Department of Parks and Recreation visited the location but could not find the tree condition you reported.,02/16/2016 01:44:34 PM,05 QUEENS,QUEENS,1013068.0,205673.0,Unspecified,QUEENS,Unspecified,Unspecified,Unspecified,Unspecified,Unspecified,Unspecified,Unspecified,Unspecified,Unspecified,N,,,,,,,,,,,,40.7311546033,-73.8960206507,"(40.731154603318835, -73.8960206506641)"
27,31593561,09/22/2015 10:29:56 AM,10/13/2015 11:01:42 AM,DPR,Department of Parks and Recreation,Damaged Tree,Branch Cracked and Will Fall,Street,11364.0,53-48 BELL BOULEVARD,BELL BOULEVARD,LUKE PLACE,56 AVENUE,,,ADDRESS,OAKLAND GARDENS,,,Closed,10/01/2015 07:17:23 AM,The Department of Parks and Recreation inspected but the condition was not found.,10/13/2015 11:01:42 AM,11 QUEENS,QUEENS,1049767.0,213247.0,Unspecified,QUEENS,Unspecified,Unspecified,Unspecified,Unspecified,Unspecified,Unspecified,Unspecified,Unspecified,Unspecified,N,,,,,,,,,,,,40.7517475711,-73.7635322494,"(40.75174757106758, -73.76353224937567)"
28,31458870,09/03/2015 02:13:35 PM,09/19/2015 01:06:53 AM,DCA,Department of Consumer Affairs,Consumer Complaint,False Advertising,,11434.0,129-24 MERRICK BOULEVARD,MERRICK BOULEVARD,129 AVENUE,EVELETH ROAD,,,ADDRESS,JAMAICA,,,Closed,09/23/2015 11:33:33 AM,"The Department of Consumer Affairs mailed you a complaint form. If you received the form and have not yet completed it, please do so. Be sure to follow the instructions on the form and return it to DCA with all required documentation.     311 can assist those who have not received the complaint form by creating a new Service Request. Additionally, 311 can assist those who returned the form but want to inquire about the status of the filed complaint.",09/19/2015 01:06:53 AM,12 QUEENS,QUEENS,1049878.0,187312.0,Unspecified,QUEENS,Unspecified,Unspecified,Unspecified,Unspecified,Unspecified,Unspecified,Unspecified,Unspecified,Unspecified,N,,,,,,,,,,,,40.6805616481,-73.7633844696,"(40.68056164808672, -73.76338446963653)"
29,31591347,09/22/2015 01:06:44 PM,11/11/2015 01:34:37 PM,DPR,Department of Parks and Recreation,Root/Sewer/Sidewalk Condition,Trees and Sidewalks Program,Street,11358.0,35-27 171 STREET,171 STREET,35 AVENUE,CROCHERON AVENUE,,,ADDRESS,FLUSHING,,,Closed,10/23/2015 09:47:55 AM,"This request is not eligible for the program, because it is not a Tax Class One property (1, 2, or 3 residential).",11/11/2015 01:34:37 PM,07 QUEENS,QUEENS,1041047.0,217738.0,Unspecified,QUEENS,Unspecified,Unspecified,Unspecified,Unspecified,Unspecified,Unspecified,Unspecified,Unspecified,Unspecified,N,,,,,,,,,,,,40.7641344953,-73.7949669149,"(40.764134495293504, -73.79496691492976)"
30,31931071,11/06/2015 06:31:06 AM,11/10/2015 11:19:26 AM,HPD,Department of Housing Preservation and Development,UNSANITARY CONDITION,PESTS,RESIDENTIAL BUILDING,10457.0,1530 SHERIDAN AVENUE,SHERIDAN AVENUE,,,,,ADDRESS,BRONX,,,Closed,,The Department of Housing Preservation and Development inspected the following conditions. No violations were issued. The complaint has been closed.,11/10/2015 11:19:26 AM,04 BRONX,BRONX,1008838.0,245870.0,Unspecified,BRONX,Unspecified,Unspecified,Unspecified,Unspecified,Unspecified,Unspecified,Unspecified,Unspecified,Unspecified,,,,,,,,,,,,,40.841497325,-73.9111359334,"(40.84149732499304, -73.91113593339)"
31,31594659,09/22/2015 09:05:40 AM,11/27/2015 12:25:29 PM,DPR,Department of Parks and Recreation,Damaged Tree,Tree Alive - in Poor Condition,Street,11429.0,223-29 113 DRIVE,113 DRIVE,223 STREET,225 STREET,,,ADDRESS,QUEENS VILLAGE,,,Closed,10/08/2015 09:14:12 AM,The condition was inspected and it was determined that no work order was necessary. The condition will not be inspected again for at least 90 days.,11/27/2015 12:25:29 PM,13 QUEENS,QUEENS,1058011.0,195320.0,Unspecified,QUEENS,Unspecified,Unspecified,Unspecified,Unspecified,Unspecified,Unspecified,Unspecified,Unspecified,Unspecified,N,,,,,,,,,,,,40.702477624,-73.7339741978,"(40.702477623959254, -73.7339741977541)"
32,30896435,06/20/2015 10:51:50 PM,06/20/2015 10:51:53 PM,HRA,HRA Benefit Card Replacement,Benefit Card Replacement,Food Stamp,NYC Street Address,,,,,,,,,,,,Closed,,"The Human Resources Administration received your request. If you are eligible for a benefit card replacement, you will receive it in 7 to 10 business days. No further updates will be available by calling 311 or on 311 Online.",,0 Unspecified,Unspecified,,,Unspecified,Unspecified,Unspecified,Unspecified,Unspecified,Unspecified,Unspecified,Unspecified,Unspecified,Unspecified,Unspecified,N,,,,,,,,,,,,,,
33,30892873,06/20/2015 10:42:51 PM,06/21/2015 06:06:29 AM,NYPD,New York City Police Department,Noise - Street/Sidewalk,Loud Music/Party,Street/Sidewalk,11217.0,,,,,BUTLER STREET,BOND STREET,INTERSECTION,BROOKLYN,,Precinct,Closed,06/21/2015 06:42:51 AM,The Police Department responded to the complaint and took action to fix the condition.,06/21/2015 06:06:29 AM,06 BROOKLYN,BROOKLYN,987618.0,187928.0,Unspecified,BROOKLYN,Unspecified,Unspecified,Unspecified,Unspecified,Unspecified,Unspecified,Unspecified,Unspecified,Unspecified,N,,,,,,,,,,,,40.6824950742,-73.9878566581,"(40.68249507418566, -73.9878566580572)"
34,30897611,06/20/2015 07:13:54 PM,06/20/2015 10:56:31 PM,NYPD,New York City Police Department,Noise - Commercial,Loud Music/Party,Club/Bar/Restaurant,11231.0,24 REED STREET,REED STREET,VAN BRUNT STREET,CONOVER STREET,,,ADDRESS,BROOKLYN,,Precinct,Closed,06/21/2015 03:13:54 AM,The Police Department responded to the complaint and with the information available observed no evidence of the violation at that time.,06/20/2015 10:56:31 PM,06 BROOKLYN,BROOKLYN,979599.0,185264.0,Unspecified,BROOKLYN,Unspecified,Unspecified,Unspecified,Unspecified,Unspecified,Unspecified,Unspecified,Unspecified,Unspecified,N,,,,,,,,,,,,40.6751824163,-74.0167673666,"(40.6751824163071, -74.01676736663303)"
35,30893232,06/20/2015 01:11:49 PM,06/20/2015 01:18:11 PM,DPR,Department of Parks and Recreation,DPR Internal,Aided/Injury,Park,10301.0,,,,,,,,STATEN ISLAND,,,Closed,07/04/2015 01:11:49 PM,The injured person has been transported to a hospital.,06/20/2015 01:18:11 PM,01 STATEN ISLAND,STATEN ISLAND,,,Clove Lakes Park,STATEN ISLAND,Clove Lakes Park,R005,,,7183908027,"Slosson Avenue, Victory Boulevard, Clove Road",STATEN ISLAND,NY,10301,,,,,,,,,,,,,,,
36,30955379,06/28/2015 10:38:44 AM,06/28/2015 11:41:37 AM,NYPD,New York City Police Department,Illegal Parking,Double Parked Blocking Traffic,Street/Sidewalk,10016.0,415 EAST 37 ST EXTENSION,EAST 37 ST EXTENSION,1 AVENUE,F D R DRIVE,,,ADDRESS,NEW YORK,,Precinct,Closed,06/28/2015 06:38:44 PM,The Police Department responded to the complaint and with the information available observed no evidence of the violation at that time.,06/28/2015 11:41:37 AM,06 MANHATTAN,MANHATTAN,992058.0,210907.0,Unspecified,MANHATTAN,Unspecified,Unspecified,Unspecified,Unspecified,Unspecified,Unspecified,Unspecified,Unspecified,Unspecified,N,,,,,,,,,,,,40.7455641348,-73.9718215636,"(40.745564134827085, -73.97182156356341)"
37,30983979,07/01/2015 07:33:00 PM,07/02/2015 05:57:06 AM,NYPD,New York City Police Department,Blocked Driveway,No Access,Street/Sidewalk,11432.0,80-23 164 PLACE,164 PLACE,UNION TURNPIKE,81 AVENUE,,,ADDRESS,JAMAICA,,Precinct,Closed,07/02/2015 03:33:00 AM,The Police Department responded to the complaint and determined that police action was not necessary.,07/02/2015 05:57:07 AM,08 QUEENS,QUEENS,1038791.0,201969.0,Unspecified,QUEENS,Unspecified,Unspecified,Unspecified,Unspecified,Unspecified,Unspecified,Unspecified,Unspecified,Unspecified,N,,,,,,,,,,,,40.7208668389,-73.8032387495,"(40.720866838932494, -73.80323874954608)"
38,30898593,06/20/2015 11:00:04 PM,06/21/2015 08:27:58 AM,NYPD,New York City Police Department,Illegal Parking,Commercial Overnight Parking,Street/Sidewalk,11377.0,48-33 60 STREET,60 STREET,LAUREL HILL BOULEVARD,50 AVENUE,,,ADDRESS,WOODSIDE,,Precinct,Closed,06/21/2015 07:00:04 AM,The Police Department issued a summons in response to the complaint.,06/21/2015 08:27:58 AM,02 QUEENS,QUEENS,1010679.0,207994.0,Unspecified,QUEENS,Unspecified,Unspecified,Unspecified,Unspecified,Unspecified,Unspecified,Unspecified,Unspecified,Unspecified,N,,,,,,,,,,,,40.7375326339,-73.9046313701,"(40.73753263387583, -73.90463137013603)"
39,30113963,03/06/2015 06:54:47 PM,03/16/2015 10:31:49 AM,DOT,Department of Transportation,Street Condition,Cave-in,Street,11223.0,2085 WEST 7 STREET,WEST 7 STREET,AVENUE T,AVENUE U,,,ADDRESS,BROOKLYN,,,Closed,03/16/2015 06:54:47 PM,The Department of Transportation inspected the condition you reported and found that the condition meets its standards and/or there is a valid permit to conduct work.,03/16/2015 10:31:49 AM,11 BROOKLYN,BROOKLYN,990194.0,156762.0,Unspecified,BROOKLYN,Unspecified,Unspecified,Unspecified,Unspecified,Unspecified,Unspecified,Unspecified,Unspecified,Unspecified,N,,,,,,,,,,,,40.5969497279,-73.9785963331,"(40.5969497279145, -73.97859633311315)"
40,30957332,06/28/2015 11:08:47 PM,,DOHMH,Department of Health and Mental Hygiene,Rodent,Mouse Sighting,3+ Family Apt. Building,10468.0,2486 DAVIDSON AVENUE,DAVIDSON AVENUE,,,,,LATLONG,BRONX,,,Pending,07/28/2015 11:08:47 PM,For updated status of your complaint go online at nyc.gov/311 and use the Check Status field or call 311.,07/20/2015 04:20:47 AM,07 BRONX,BRONX,1011540.0,253909.0,Unspecified,BRONX,Unspecified,Unspecified,Unspecified,Unspecified,Unspecified,Unspecified,Unspecified,Unspecified,Unspecified,N,,,,,,,,,,,,40.8635540408,-73.9013378559,"(40.86355404079828, -73.90133785586534)"
41,30985115,07/01/2015 11:56:46 AM,08/03/2015 04:41:59 PM,DPR,Department of Parks and Recreation,Overgrown Tree/Branches,Traffic Sign or Signal Blocked,Street,11213.0,1281 STERLING PLACE,STERLING PLACE,TROY AVENUE,SCHENECTADY AVENUE,,,ADDRESS,BROOKLYN,,,Closed,07/10/2015 10:53:36 AM,The Department of Parks and Recreation has corrected the condition.,08/03/2015 04:41:59 PM,08 BROOKLYN,BROOKLYN,1002046.0,184020.0,Unspecified,BROOKLYN,Unspecified,Unspecified,Unspecified,Unspecified,Unspecified,Unspecified,Unspecified,Unspecified,Unspecified,N,,,,,,,,,,,,40.6717512509,-73.9358467575,"(40.67175125094355, -73.93584675752263)"
42,30978823,07/01/2015 10:02:28 PM,07/01/2015 10:11:47 PM,NYPD,New York City Police Department,Noise - Street/Sidewalk,Loud Music/Party,Street/Sidewalk,11358.0,42 AVENUE,42 AVENUE,195 STREET,196 STREET,,,BLOCKFACE,FLUSHING,,Precinct,Closed,07/02/2015 06:02:28 AM,This complaint does not fall under the Police Department's jurisdiction.,07/01/2015 10:11:47 PM,11 QUEENS,QUEENS,1043417.0,216130.0,Unspecified,QUEENS,Unspecified,Unspecified,Unspecified,Unspecified,Unspecified,Unspecified,Unspecified,Unspecified,Unspecified,N,,,,,,,,,,,,40.7597054182,-73.7864255714,"(40.75970541821238, -73.78642557142065)"
43,30983432,07/01/2015 07:15:45 PM,07/07/2015 09:59:07 AM,DPR,Department of Parks and Recreation,Damaged Tree,Branch or Limb Has Fallen Down,Street,11209.0,,,,,RIDGE BOULEVARD,SHORE ROAD,INTERSECTION,BROOKLYN,,,Closed,07/10/2015 08:24:24 AM,The condition was inspected and it was determined that no work order was necessary. The condition will not be inspected again for at least 90 days.,07/07/2015 09:59:07 AM,10 BROOKLYN,BROOKLYN,973487.0,164134.0,Unspecified,BROOKLYN,Unspecified,Unspecified,Unspecified,Unspecified,Unspecified,Unspecified,Unspecified,Unspecified,Unspecified,N,,,,,,,,,,,,40.6171798159,-74.0387680836,"(40.61717981585385, -74.03876808356814)"
44,31481625,09/07/2015 08:47:16 PM,09/07/2015 10:07:58 PM,NYPD,New York City Police Department,Noise - Street/Sidewalk,Loud Music/Party,Street/Sidewalk,11215.0,,,,,1 STREET,6 AVENUE,INTERSECTION,BROOKLYN,,Precinct,Closed,09/08/2015 04:47:16 AM,The Police Department responded to the complaint and with the information available observed no evidence of the violation at that time.,09/07/2015 10:07:58 PM,06 BROOKLYN,BROOKLYN,989821.0,184417.0,Unspecified,BROOKLYN,Unspecified,Unspecified,Unspecified,Unspecified,Unspecified,Unspecified,Unspecified,Unspecified,Unspecified,N,,,,,,,,,,,,40.6728570606,-73.9799166323,"(40.672857060613644, -73.97991663234971)"
45,30987313,07/01/2015 11:19:30 AM,07/01/2015 01:54:19 PM,NYPD,New York City Police Department,Blocked Driveway,No Access,Street/Sidewalk,11373.0,40-53 ITHACA STREET,ITHACA STREET,PETTIT AVENUE,BRITTON AVENUE,,,ADDRESS,ELMHURST,,Precinct,Closed,07/01/2015 07:19:30 PM,The Police Department responded and upon arrival those responsible for the condition were gone.,07/01/2015 01:54:19 PM,04 QUEENS,QUEENS,1017031.0,210965.0,Unspecified,QUEENS,Unspecified,Unspecified,Unspecified,Unspecified,Unspecified,Unspecified,Unspecified,Unspecified,Unspecified,N,,,,,,,,,,,,40.7456660191,-73.8816958245,"(40.745666019106956, -73.88169582449507)"
46,30956584,06/29/2015 12:26:39 AM,06/29/2015 04:27:24 AM,NYPD,New York City Police Department,Noise - Park,Loud Talking,Park/Playground,11377.0,,,,,61 STREET,QUEENS BOULEVARD,INTERSECTION,WOODSIDE,,Precinct,Closed,06/29/2015 08:26:39 AM,The Police Department responded to the complaint and with the information available observed no evidence of the violation at that time.,06/29/2015 04:27:24 AM,02 QUEENS,QUEENS,1011250.0,209360.0,Unspecified,QUEENS,Unspecified,Unspecified,Unspecified,Unspecified,Unspecified,Unspecified,Unspecified,Unspecified,Unspecified,N,,,,,,,,,,,,40.7412802378,-73.9025654446,"(40.741280237793646, -73.90256544457489)"
47,31499927,09/09/2015 11:53:47 AM,09/16/2015 10:01:56 AM,DOT,Department of Transportation,Sidewalk Condition,Metal Protruding - Sign Stump,Sidewalk,10016.0,270 MADISON AVENUE,MADISON AVENUE,EAST 39 STREET,EAST 40 STREET,,,ADDRESS,NEW YORK,,,Closed,09/23/2015 11:53:47 AM,The Department of Transportation has determined that this issue is not within its jurisdiction.,09/16/2015 10:01:56 AM,05 MANHATTAN,MANHATTAN,989646.0,212932.0,Unspecified,MANHATTAN,Unspecified,Unspecified,Unspecified,Unspecified,Unspecified,Unspecified,Unspecified,Unspecified,Unspecified,N,,,,,,,,,,,,40.7511240508,-73.9805246501,"(40.75112405076029, -73.98052465008895)"
48,31481532,09/07/2015 09:26:22 PM,09/07/2015 11:33:45 PM,NYPD,New York City Police Department,Noise - Street/Sidewalk,Loud Music/Party,Street/Sidewalk,10458.0,213 EAST 203 STREET,EAST 203 STREET,GRAND CONCOURSE,VALENTINE AVENUE,,,ADDRESS,BRONX,,Precinct,Closed,09/08/2015 05:26:22 AM,The Police Department responded to the complaint and took action to fix the condition.,09/07/2015 11:33:45 PM,07 BRONX,BRONX,1015770.0,257660.0,Unspecified,BRONX,Unspecified,Unspecified,Unspecified,Unspecified,Unspecified,Unspecified,Unspecified,Unspecified,Unspecified,N,,,,,,,,,,,,40.8738352932,-73.8860274146,"(40.87383529319067, -73.88602741458016)"
49,30958252,06/28/2015 01:33:13 PM,06/28/2015 01:57:25 PM,NYPD,New York City Police Department,Noise - Street/Sidewalk,Loud Music/Party,Street/Sidewalk,10025.0,,,,,WEST  101 STREET,MANHATTAN AVENUE,INTERSECTION,NEW YORK,,Precinct,Closed,06/28/2015 09:33:13 PM,The Police Department responded to the complaint and determined that police action was not necessary.,06/28/2015 01:57:25 PM,07 MANHATTAN,MANHATTAN,994272.0,229088.0,Unspecified,MANHATTAN,Unspecified,Unspecified,Unspecified,Unspecified,Unspecified,Unspecified,Unspecified,Unspecified,Unspecified,N,,,,,,,,,,,,40.7954640045,-73.9638043066,"(40.79546400452747, -73.96380430660172)"
50,31496933,09/09/2015 12:40:41 PM,09/09/2015 02:55:34 PM,NYPD,New York City Police Department,Homeless Encampment,,Street/Sidewalk,10016.0,,,,,LEXINGTON AVENUE,EAST   28 STREET,INTERSECTION,NEW YORK,,Precinct,Closed,09/09/2015 08:40:41 PM,The Police Department responded to the complaint and with the information available observed no evidence of the violation at that time.,09/09/2015 02:55:34 PM,05 MANHATTAN,MANHATTAN,989112.0,209843.0,Unspecified,MANHATTAN,Unspecified,Unspecified,Unspecified,Unspecified,Unspecified,Unspecified,Unspecified,Unspecified,Unspecified,N,,,,,,,,,,,,40.7426458313,-73.9824542065,"(40.74264583131978, -73.98245420652424)"
51,31480084,09/07/2015 03:55:33 PM,09/08/2015 02:16:44 PM,NYPD,New York City Police Department,Blocked Driveway,No Access,Street/Sidewalk,10466.0,3932 BAYCHESTER AVENUE,BAYCHESTER AVENUE,EAST 233 STREET,STRANG AVENUE,,,ADDRESS,BRONX,,Precinct,Closed,09/07/2015 11:55:33 PM,The Police Department responded to the complaint and with the information available observed no evidence of the violation at that time.,09/08/2015 02:16:44 PM,12 BRONX,BRONX,1027882.0,263242.0,Unspecified,BRONX,Unspecified,Unspecified,Unspecified,Unspecified,Unspecified,Unspecified,Unspecified,Unspecified,Unspecified,N,,,,,,,,,,,,40.889104557,-73.8421955785,"(40.88910455698923, -73.84219557851871)"
52,31796541,10/19/2015 01:32:45 PM,11/04/2015 01:07:14 AM,DCA,Department of Consumer Affairs,Consumer Complaint,Overcharge,,11361.0,205-11 NORTHERN BOULEVARD,NORTHERN BOULEVARD,205 STREET,CLEARVIEW EXPRESSWAY,,,ADDRESS,BAYSIDE,,,Closed,11/04/2015 04:33:33 PM,"The Department of Consumer Affairs mailed you a complaint form. If you received the form and have not yet completed it, please do so. Be sure to follow the instructions on the form and return it to DCA with all required documentation.     311 can assist those who have not received the complaint form by creating a new Service Request. Additionally, 311 can assist those who returned the form but want to inquire about the status of the filed complaint.",11/04/2015 01:07:14 AM,11 QUEENS,QUEENS,1045767.0,215544.0,Unspecified,QUEENS,Unspecified,Unspecified,Unspecified,Unspecified,Unspecified,Unspecified,Unspecified,Unspecified,Unspecified,N,,,,,,,,,,,,40.7580809646,-73.7779482016,"(40.75808096464438, -73.77794820156763)"
53,31039808,07/09/2015 07:17:06 PM,07/31/2015 09:56:14 AM,DPR,Department of Parks and Recreation,Maintenance or Facility,Structure - Outdoors,Park,10037.0,,,,,EAST  139 STREET,5 AVENUE,INTERSECTION,NEW YORK,,,Closed,07/23/2015 07:17:06 PM,The Department of Parks and Recreation has completed the requested work order and corrected the problem.,07/31/2015 09:56:14 AM,11 MANHATTAN,MANHATTAN,1002033.0,236329.0,Unspecified,MANHATTAN,Unspecified,Unspecified,Unspecified,Unspecified,Unspecified,Unspecified,Unspecified,Unspecified,Unspecified,N,,,,,,,,,,,,40.8153263396,-73.9357553224,"(40.81532633963432, -73.93575532243506)"
54,31560907,09/18/2015 09:00:53 AM,09/18/2015 04:26:07 PM,NYPD,New York City Police Department,Illegal Parking,Posted Parking Sign Violation,Street/Sidewalk,10027.0,20 WEST 123 STREET,WEST 123 STREET,MT MORRIS PARK WEST,LENOX AVENUE,,,ADDRESS,NEW YORK,,Precinct,Closed,09/18/2015 05:00:53 PM,The Police Department responded to the complaint and with the information available observed no evidence of the violation at that time.,09/18/2015 04:26:07 PM,10 MANHATTAN,MANHATTAN,999413.0,232908.0,Unspecified,MANHATTAN,Unspecified,Unspecified,Unspecified,Unspecified,Unspecified,Unspecified,Unspecified,Unspecified,Unspecified,N,,,,,,,,,,,,40.8059415322,-73.9452283264,"(40.80594153216204, -73.94522832639433)"
55,31795240,10/19/2015 07:51:41 AM,10/27/2015 01:12:23 AM,HPD,Department of Housing Preservation and Development,HEAT/HOT WATER,APARTMENT ONLY,RESIDENTIAL BUILDING,10456.0,1229 CLAY AVENUE,CLAY AVENUE,,,,,ADDRESS,BRONX,,,Closed,,"The Department of Housing Preservation and Development responded to a complaint of no heat or hot water and was advised by a tenant in the building that heat and hot water had been restored. If the condition still exists, please file a new complaint.",10/27/2015 01:12:23 AM,04 BRONX,BRONX,1009029.0,242662.0,Unspecified,BRONX,Unspecified,Unspecified,Unspecified,Unspecified,Unspecified,Unspecified,Unspecified,Unspecified,Unspecified,,,,,,,,,,,,,40.8326917653,-73.9104574879,"(40.832691765345125, -73.9104574878717)"
56,31040868,07/09/2015 08:24:52 AM,07/09/2015 09:41:20 AM,NYPD,New York City Police Department,Illegal Parking,Blocked Hydrant,Street/Sidewalk,11230.0,928 EAST 18 STREET,EAST 18 STREET,DEAD END,AVENUE I,,,ADDRESS,BROOKLYN,,Precinct,Closed,07/09/2015 04:24:52 PM,The Police Department responded to the complaint and determined that police action was not necessary.,07/09/2015 09:41:20 AM,14 BROOKLYN,BROOKLYN,995616.0,168127.0,Unspecified,BROOKLYN,Unspecified,Unspecified,Unspecified,Unspecified,Unspecified,Unspecified,Unspecified,Unspecified,Unspecified,N,,,,,,,,,,,,40.6281390124,-73.9590532012,"(40.628139012360336, -73.9590532012178)"
57,31039067,07/09/2015 01:09:57 PM,07/22/2015 10:46:27 AM,DOF,Senior Citizen Rent Increase Exemption Unit,SCRIE,Copy of Approval Order,Senior Address,10030.0,,,,,,,ADDRESS,NEW YORK,,,Closed,07/23/2015 01:09:57 PM,We have mailed the requested document(s).,07/22/2015 10:46:27 AM,10 MANHATTAN,MANHATTAN,,,Unspecified,MANHATTAN,Unspecified,Unspecified,Unspecified,Unspecified,Unspecified,Unspecified,Unspecified,Unspecified,Unspecified,N,,,,,,,,,,,,,,
58,31134469,07/21/2015 06:31:38 AM,07/21/2015 07:33:37 AM,NYPD,New York City Police Department,Blocked Driveway,No Access,Street/Sidewalk,11372.0,33-46 89 STREET,89 STREET,NORTHERN BOULEVARD,34 AVENUE,,,ADDRESS,JACKSON HEIGHTS,,Precinct,Closed,07/21/2015 02:31:38 PM,The Police Department responded to the complaint and with the information available observed no evidence of the violation at that time.,07/21/2015 07:33:37 AM,03 QUEENS,QUEENS,1017852.0,214506.0,Unspecified,QUEENS,Unspecified,Unspecified,Unspecified,Unspecified,Unspecified,Unspecified,Unspecified,Unspecified,Unspecified,N,,,,,,,,,,,,40.7553820791,-73.8787152069,"(40.755382079100556, -73.8787152069484)"
59,31614481,09/25/2015 02:57:01 AM,09/25/2015 08:45:51 AM,NYPD,New York City Police Department,Noise - Street/Sidewalk,Loud Music/Party,Street/Sidewalk,10451.0,GRAND CONCOURSE,GRAND CONCOURSE,,,,,LATLONG,BRONX,,Precinct,Closed,09/25/2015 10:57:01 AM,The Police Department responded to the complaint and took action to fix the condition.,09/25/2015 08:45:51 AM,04 BRONX,BRONX,1005862.0,241034.0,Unspecified,BRONX,Unspecified,Unspecified,Unspecified,Unspecified,Unspecified,Unspecified,Unspecified,Unspecified,Unspecified,N,,,,,,,,,,,,40.8282316916,-73.9219071401,"(40.82823169159564, -73.9219071401209)"
60,31617108,09/25/2015 09:12:02 AM,09/25/2015 12:41:24 PM,NYPD,New York City Police Department,Blocked Driveway,No Access,Street/Sidewalk,11420.0,127-01 109 AVENUE,109 AVENUE,127 STREET,127 STREET,,,ADDRESS,SOUTH OZONE PARK,,Precinct,Closed,09/25/2015 05:12:02 PM,The Police Department responded and upon arrival those responsible for the condition were gone.,09/25/2015 12:41:24 PM,10 QUEENS,QUEENS,1035406.0,188584.0,Unspecified,QUEENS,Unspecified,Unspecified,Unspecified,Unspecified,Unspecified,Unspecified,Unspecified,Unspecified,Unspecified,N,,,,,,,,,,,,40.6841484575,-73.8155520606,"(40.6841484575152, -73.81555206060125)"
61,31912406,11/04/2015 11:04:54 AM,11/04/2015 02:15:15 PM,NYPD,New York City Police Department,Blocked Driveway,No Access,Street/Sidewalk,,2386 ADAM CLAYTON POWELL JUNIOR BOULEVARD,ADAM CLAYTON POWELL JUNIOR BOULEVARD,,,,,,,,Precinct,Closed,11/04/2015 07:04:54 PM,The Police Department responded to the complaint and took action to fix the condition.,11/04/2015 02:15:15 PM,0 Unspecified,Unspecified,,,Unspecified,Unspecified,Unspecified,Unspecified,Unspecified,Unspecified,Unspecified,Unspecified,Unspecified,Unspecified,Unspecified,N,,,,,,,,,,,,,,
62,31613412,09/25/2015 10:33:49 PM,09/26/2015 12:35:28 AM,NYPD,New York City Police Department,Noise - Commercial,Banging/Pounding,Store/Commercial,11106.0,34-02 BROADWAY,BROADWAY,34 STREET,35 STREET,,,ADDRESS,Astoria,,Precinct,Closed,09/26/2015 06:33:49 AM,The Police Department responded to the complaint and with the information available observed no evidence of the violation at that time.,09/26/2015 12:35:29 AM,01 QUEENS,QUEENS,1005617.0,216459.0,Unspecified,QUEENS,Unspecified,Unspecified,Unspecified,Unspecified,Unspecified,Unspecified,Unspecified,Unspecified,Unspecified,N,,,,,,,,,,,,40.7607805946,-73.9228706112,"(40.76078059456811, -73.92287061118496)"
63,31615134,09/25/2015 02:25:16 AM,09/25/2015 05:23:47 AM,NYPD,New York City Police Department,Illegal Parking,Commercial Overnight Parking,Street/Sidewalk,11102.0,,,,,ASTORIA BOULEVARD,22 STREET,INTERSECTION,ASTORIA,,Precinct,Closed,09/25/2015 10:25:16 AM,The Police Department responded to the complaint and took action to fix the condition.,09/25/2015 05:23:47 AM,01 QUEENS,QUEENS,1004989.0,220531.0,Unspecified,QUEENS,Unspecified,Unspecified,Unspecified,Unspecified,Unspecified,Unspecified,Unspecified,Unspecified,Unspecified,N,,,,,,,,,,,,40.7719586717,-73.9251249649,"(40.771958671726516, -73.92512496488682)"
64,31614667,09/25/2015 01:59:50 PM,09/26/2015 01:16:38 AM,NYPD,New York City Police Department,Blocked Driveway,No Access,Street/Sidewalk,11102.0,29-21 NEWTOWN AVENUE,NEWTOWN AVENUE,29 STREET,30 STREET,,,ADDRESS,ASTORIA,,Precinct,Closed,09/25/2015 09:59:50 PM,The Police Department responded and upon arrival those responsible for the condition were gone.,09/26/2015 01:16:38 AM,01 QUEENS,QUEENS,1006015.0,219291.0,Unspecified,QUEENS,Unspecified,Unspecified,Unspecified,Unspecified,Unspecified,Unspecified,Unspecified,Unspecified,Unspecified,N,,,,,,,,,,,,40.7685527294,-73.9214247641,"(40.76855272942966, -73.92142476414165)"
65,31902597,11/03/2015 06:27:23 PM,11/04/2015 02:12:18 AM,NYPD,New York City Police Department,Illegal Parking,Commercial Overnight Parking,Street/Sidewalk,11378.0,70-09 57 DRIVE,57 DRIVE,70 STREET,MAZEAU STREET,,,ADDRESS,MASPETH,,Precinct,Closed,11/04/2015 02:27:23 AM,The Police Department issued a summons in response to the complaint.,11/04/2015 02:12:18 AM,05 QUEENS,QUEENS,1014215.0,203970.0,Unspecified,QUEENS,Unspecified,Unspecified,Unspecified,Unspecified,Unspecified,Unspecified,Unspecified,Unspecified,Unspecified,N,,,,,,,,,,,,40.7264764763,-73.8918897029,"(40.72647647631759, -73.89188970294978)"
66,31616538,09/26/2015 01:34:39 AM,09/26/2015 06:37:28 AM,NYPD,New York City Police Department,Blocked Driveway,No Access,Street/Sidewalk,11221.0,1354 JEFFERSON AVENUE,JEFFERSON AVENUE,WILSON AVENUE,KNICKERBOCKER AVENUE,,,ADDRESS,BROOKLYN,,Precinct,Closed,09/26/2015 09:34:39 AM,The Police Department responded to the complaint and with the information available observed no evidence of the violation at that time.,09/26/2015 06:37:28 AM,04 BROOKLYN,BROOKLYN,1008979.0,192047.0,Unspecified,BROOKLYN,Unspecified,Unspecified,Unspecified,Unspecified,Unspecified,Unspecified,Unspecified,Unspecified,Unspecified,N,,,,,,,,,,,,40.6937668752,-73.9108243703,"(40.69376687517372, -73.91082437031204)"
67,30850842,06/15/2015 08:03:12 PM,06/15/2015 08:09:25 PM,NYPD,New York City Police Department,Illegal Parking,Commercial Overnight Parking,Street/Sidewalk,11204.0,1939 63 STREET,63 STREET,19 AVENUE,20 AVENUE,,,ADDRESS,BROOKLYN,,Precinct,Closed,06/16/2015 04:03:12 AM,The Police Department reviewed your complaint and provided additional information below.,06/15/2015 08:09:25 PM,11 BROOKLYN,BROOKLYN,988160.0,164598.0,Unspecified,BROOKLYN,Unspecified,Unspecified,Unspecified,Unspecified,Unspecified,Unspecified,Unspecified,Unspecified,Unspecified,N,,,,,,,,,,,,40.6184590741,-73.9859159986,"(40.61845907406423, -73.98591599855615)"
68,30850801,06/15/2015 09:51:06 AM,06/16/2015 12:12:41 AM,NYPD,New York City Police Department,Illegal Parking,Double Parked Blocking Traffic,Street/Sidewalk,11207.0,,,,,PENNSYLVANIA AVENUE,PITKIN AVENUE,INTERSECTION,BROOKLYN,,Precinct,Closed,06/15/2015 05:51:06 PM,The Police Department reviewed your complaint and provided additional information below.,06/16/2015 12:12:41 AM,05 BROOKLYN,BROOKLYN,1013136.0,184082.0,Unspecified,BROOKLYN,Unspecified,Unspecified,Unspecified,Unspecified,Unspecified,Unspecified,Unspecified,Unspecified,Unspecified,N,,,,,,,,,,,,40.6718921879,-73.8958679058,"(40.6718921878569, -73.89586790577127)"
69,31614017,09/25/2015 11:41:46 PM,09/27/2015 05:45:48 PM,DOT,Department of Transportation,Street Condition,Failed Street Repair,Street,10463.0,,,,,WEST KINGSBRIDGE ROAD,BAILEY AVENUE,INTERSECTION,BRONX,,,Closed,10/05/2015 11:41:46 PM,The Department of Transportation inspected the condition you reported and found that the condition meets its standards and/or there is a valid permit to conduct work.,09/27/2015 05:45:48 PM,07 BRONX,BRONX,1010326.0,257400.0,Unspecified,BRONX,Unspecified,Unspecified,Unspecified,Unspecified,Unspecified,Unspecified,Unspecified,Unspecified,Unspecified,N,,,,,,,,,,,,40.8731394358,-73.9057132687,"(40.87313943575378, -73.90571326869122)"
70,31615500,09/25/2015 02:28:56 PM,09/26/2015 01:16:34 AM,NYPD,New York City Police Department,Blocked Driveway,No Access,Street/Sidewalk,11102.0,25-33 CRESCENT STREET,CRESCENT STREET,BEND,ASTORIA BOULEVARD,,,ADDRESS,Astoria,,Precinct,Closed,09/25/2015 10:28:56 PM,The Police Department responded and upon arrival those responsible for the condition were gone.,09/26/2015 01:16:34 AM,01 QUEENS,QUEENS,1005837.0,220676.0,Unspecified,QUEENS,Unspecified,Unspecified,Unspecified,Unspecified,Unspecified,Unspecified,Unspecified,Unspecified,Unspecified,N,,,,,,,,,,,,40.7723546285,-73.9220629245,"(40.77235462851536, -73.92206292445499)"
71,30850812,06/15/2015 09:40:12 AM,06/15/2015 03:18:29 PM,NYPD,New York City Police Department,Illegal Parking,Posted Parking Sign Violation,Street/Sidewalk,11208.0,446 LINCOLN AVENUE,LINCOLN AVENUE,MC KINLEY AVENUE,LIBERTY AVENUE,,,ADDRESS,BROOKLYN,,Precinct,Closed,06/15/2015 05:40:12 PM,The Police Department responded to the complaint and with the information available observed no evidence of the violation at that time.,06/15/2015 03:18:29 PM,05 BROOKLYN,BROOKLYN,1020808.0,186763.0,Unspecified,BROOKLYN,Unspecified,Unspecified,Unspecified,Unspecified,Unspecified,Unspecified,Unspecified,Unspecified,Unspecified,N,,,,,,,,,,,,40.6792225634,-73.868196355,"(40.679222563360874, -73.8681963550426)"
72,30607716,05/12/2015 01:47:37 PM,05/13/2015 01:00:41 PM,DOT,Department of Transportation,Street Condition,"Rough, Pitted or Cracked Roads",Street,10466.0,WILDER AVENUE,WILDER AVENUE,EAST 233 STREET,STRANG AVENUE,,,BLOCKFACE,BRONX,,,Closed,08/10/2015 01:47:37 PM,"The Department of Transportation inspected the condition and made the determination that the street meets resurfacing standards and will be scheduled for this current resurfacing season (April - November).  For specific weekly scheduling information regarding your street,  contact your Community Board or visit our website www.NYC.gov/dot.",05/13/2015 01:00:41 PM,12 BRONX,BRONX,1028344.0,263429.0,Unspecified,BRONX,Unspecified,Unspecified,Unspecified,Unspecified,Unspecified,Unspecified,Unspecified,Unspecified,Unspecified,N,,,,,,,,,,,,40.8896155157,-73.8405234295,"(40.88961551573026, -73.8405234294931)"
73,30284669,03/28/2015 09:20:24 AM,03/31/2015 03:02:03 PM,DOT,Department of Transportation,Sidewalk Condition,Blocked - Construction,Sidewalk,11211.0,,,,,NORTH    7 STREET,BEDFORD AVENUE,INTERSECTION,BROOKLYN,,,Closed,04/07/2015 09:20:24 AM,The Department of Transportation inspected the condition you reported and found that the condition meets its standards and/or there is a valid permit to conduct work.,03/31/2015 03:02:03 PM,01 BROOKLYN,BROOKLYN,995969.0,200806.0,Unspecified,BROOKLYN,Unspecified,Unspecified,Unspecified,Unspecified,Unspecified,Unspecified,Unspecified,Unspecified,Unspecified,N,,,,,,,,,,,,40.7178350526,-73.9577246777,"(40.71783505261586, -73.95772467766359)"
74,30604839,05/13/2015 09:10:04 AM,05/13/2015 02:48:07 PM,NYPD,New York City Police Department,Derelict Vehicle,With License Plate,Street/Sidewalk,11207.0,8 HINSDALE STREET,HINSDALE STREET,ATLANTIC AVENUE,LIBERTY AVENUE,,,ADDRESS,BROOKLYN,,Precinct,Closed,05/13/2015 05:10:04 PM,The Police Department responded to the complaint and with the information available observed no evidence of the violation at that time.,05/13/2015 02:48:07 PM,05 BROOKLYN,BROOKLYN,1011557.0,185263.0,Unspecified,BROOKLYN,Unspecified,Unspecified,Unspecified,Unspecified,Unspecified,Unspecified,Unspecified,Unspecified,Unspecified,N,,,,,,,,,,,,40.6751387768,-73.9015553054,"(40.675138776783356, -73.90155530538931)"
75,30446731,04/21/2015 08:36:09 PM,04/21/2015 10:59:13 PM,NYPD,New York City Police Department,Noise - Street/Sidewalk,Loud Talking,Street/Sidewalk,10463.0,555 KAPPOCK STREET,KAPPOCK STREET,BEND,NETHERLAND AVENUE,,,ADDRESS,BRONX,,Precinct,Closed,04/22/2015 04:36:09 AM,The Police Department responded to the complaint and determined that police action was not necessary.,04/21/2015 10:59:14 PM,08 BRONX,BRONX,1007069.0,259193.0,Unspecified,BRONX,Unspecified,Unspecified,Unspecified,Unspecified,Unspecified,Unspecified,Unspecified,Unspecified,Unspecified,N,,,,,,,,,,,,40.8780696869,-73.9174839559,"(40.878069686875854, -73.91748395589416)"
76,30450860,04/21/2015 06:12:36 AM,04/21/2015 10:01:44 AM,NYPD,New York City Police Department,Illegal Parking,Blocked Sidewalk,Street/Sidewalk,10305.0,119 LAMPORT BOULEVARD,LAMPORT BOULEVARD,KRAMER STREET,MC CLEAN AVENUE,,,ADDRESS,STATEN ISLAND,,Precinct,Closed,04/21/2015 02:12:36 PM,The Police Department responded to the complaint and took action to fix the condition.,04/21/2015 10:01:44 AM,02 STATEN ISLAND,STATEN ISLAND,962625.0,156314.0,Unspecified,STATEN ISLAND,Unspecified,Unspecified,Unspecified,Unspecified,Unspecified,Unspecified,Unspecified,Unspecified,Unspecified,N,,,,,,,,,,,,40.5956956697,-74.0778677086,"(40.595695669727206, -74.07786770860115)"
77,30447155,04/21/2015 02:25:42 PM,04/22/2015 07:37:16 AM,DOT,Department of Transportation,Street Condition,"Rough, Pitted or Cracked Roads",Street,10303.0,GRANITE AVENUE,GRANITE AVENUE,PRINCESS STREET,DIXON AVENUE,,,BLOCKFACE,STATEN ISLAND,,,Closed,07/20/2015 02:25:42 PM,"The Department of Transportation inspected the condition and made the determination that the street meets resurfacing standards and will be planned for either the next or future resurfacing seasons (2 - 3 years).  The Department of Transportation works with Community Boards and elected officials to determine resurfacing priority.  For specific scheduling information regarding your street, contact your Community Board.",04/22/2015 07:37:16 AM,01 STATEN ISLAND,STATEN ISLAND,942679.0,168408.0,Unspecified,STATEN ISLAND,Unspecified,Unspecified,Unspecified,Unspecified,Unspecified,Unspecified,Unspecified,Unspecified,Unspecified,N,,,,,,,,,,,,40.6288200488,-74.1497639899,"(40.62882004879427, -74.14976398991644)"
78,30529937,05/02/2015 02:02:39 PM,05/02/2015 02:11:33 PM,NYPD,New York City Police Department,Noise - Commercial,Loud Music/Party,Club/Bar/Restaurant,10027.0,553 MANHATTAN AVENUE,MANHATTAN AVENUE,WEST 122 STREET,WEST 123 STREET,,,ADDRESS,NEW YORK,,Precinct,Closed,05/02/2015 10:02:39 PM,The Police Department responded to the complaint and took action to fix the condition.,05/02/2015 02:11:33 PM,10 MANHATTAN,MANHATTAN,997079.0,234162.0,Unspecified,MANHATTAN,Unspecified,Unspecified,Unspecified,Unspecified,Unspecified,Unspecified,Unspecified,Unspecified,Unspecified,N,,,,,,,,,,,,40.8093871123,-73.9536567854,"(40.80938711234638, -73.95365678535066)"
79,30358243,04/08/2015 08:29:07 AM,04/09/2015 12:24:29 PM,DOT,Department of Transportation,Street Condition,Failed Street Repair,Street,11423.0,187-52 JAMAICA AVENUE,JAMAICA AVENUE,HOLLIS AVENUE,188 STREET,,,ADDRESS,HOLLIS,,,Closed,,"The Department of Transportation inspected the condition and issued a summons to the responsible party.  A re-inspection will be done within 10 days.  If the condition still exists, a second summons will be issued.  In some cases, the Department of Transportation will make the repairs and charge the responsible party for the costs.",04/09/2015 12:24:29 PM,12 QUEENS,QUEENS,1047712.0,198225.0,Unspecified,QUEENS,Unspecified,Unspecified,Unspecified,Unspecified,Unspecified,Unspecified,Unspecified,Unspecified,Unspecified,N,,,,,,,,,,,,40.7105309914,-73.7710909229,"(40.71053099140441, -73.77109092291433)"
80,30487841,04/26/2015 03:29:28 AM,04/26/2015 07:10:27 AM,NYPD,New York City Police Department,Illegal Parking,Blocked Hydrant,Street/Sidewalk,10463.0,3995 HILLMAN AVENUE,HILLMAN AVENUE,BEND,VAN CORTLANDT PARK SOUTH,,,ADDRESS,BRONX,,Precinct,Closed,04/26/2015 11:29:28 AM,The Police Department responded to the complaint and took action to fix the condition.,04/26/2015 07:10:27 AM,08 BRONX,BRONX,1014441.0,261164.0,Unspecified,BRONX,Unspecified,Unspecified,Unspecified,Unspecified,Unspecified,Unspecified,Unspecified,Unspecified,Unspecified,N,,,,,,,,,,,,40.8834573258,-73.8908171238,"(40.88345732580543, -73.89081712384558)"
81,30485227,04/26/2015 08:32:00 PM,04/26/2015 10:02:06 PM,NYPD,New York City Police Department,Blocked Driveway,No Access,Street/Sidewalk,11208.0,630 CLEVELAND STREET,CLEVELAND STREET,BLAKE AVENUE,DUMONT AVENUE,,,ADDRESS,BROOKLYN,,Precinct,Closed,04/27/2015 04:32:00 AM,The Police Department issued a summons in response to the complaint.,04/26/2015 10:02:06 PM,05 BROOKLYN,BROOKLYN,1016698.0,183019.0,Unspecified,BROOKLYN,Unspecified,Unspecified,Unspecified,Unspecified,Unspecified,Unspecified,Unspecified,Unspecified,Unspecified,N,,,,,,,,,,,,40.6689621542,-73.8830322658,"(40.66896215420062, -73.88303226578992)"
82,30487344,04/26/2015 07:43:47 PM,04/26/2015 10:17:02 PM,NYPD,New York City Police Department,Illegal Parking,Blocked Hydrant,Street/Sidewalk,10029.0,,,,,EAST  116 STREET,1 AVENUE,INTERSECTION,NEW YORK,,Precinct,Closed,04/27/2015 03:43:47 AM,The Police Department responded to the complaint and determined that police action was not necessary.,04/26/2015 10:17:03 PM,11 MANHATTAN,MANHATTAN,1002134.0,229289.0,Unspecified,MANHATTAN,Unspecified,Unspecified,Unspecified,Unspecified,Unspecified,Unspecified,Unspecified,Unspecified,Unspecified,N,,,,,,,,,,,,40.7960032809,-73.9354091933,"(40.79600328085396, -73.93540919329382)"
83,31495873,09/09/2015 10:37:08 AM,09/09/2015 07:38:04 PM,NYPD,New York City Police Department,Illegal Parking,Blocked Hydrant,Street/Sidewalk,11218.0,522 STRATFORD ROAD,STRATFORD ROAD,DORCHESTER ROAD,DITMAS AVENUE,,,ADDRESS,BROOKLYN,,Precinct,Closed,09/09/2015 06:37:08 PM,The Police Department responded to the complaint and with the information available observed no evidence of the violation at that time.,09/09/2015 07:38:04 PM,14 BROOKLYN,BROOKLYN,993349.0,170949.0,Unspecified,BROOKLYN,Unspecified,Unspecified,Unspecified,Unspecified,Unspecified,Unspecified,Unspecified,Unspecified,Unspecified,N,,,,,,,,,,,,40.6358874231,-73.9672164194,"(40.635887423085215, -73.96721641935876)"
84,30733181,05/30/2015 09:09:54 AM,05/30/2015 03:50:25 PM,NYPD,New York City Police Department,Derelict Vehicle,With License Plate,Street/Sidewalk,11229.0,2318 EAST 27 STREET,EAST 27 STREET,AVENUE W,AVENUE X,,,ADDRESS,BROOKLYN,,Precinct,Closed,05/30/2015 05:09:54 PM,The Police Department reviewed your complaint and provided additional information below.,05/30/2015 03:50:25 PM,15 BROOKLYN,BROOKLYN,999862.0,156061.0,Unspecified,BROOKLYN,Unspecified,Unspecified,Unspecified,Unspecified,Unspecified,Unspecified,Unspecified,Unspecified,Unspecified,N,,,,,,,,,,,,40.5950138674,-73.943784593,"(40.59501386738851, -73.94378459296155)"
85,30734113,05/30/2015 09:23:27 AM,05/30/2015 07:48:45 PM,NYPD,New York City Police Department,Noise - Street/Sidewalk,Loud Talking,Street/Sidewalk,10456.0,,,,,COLLEGE AVENUE,EAST  167 STREET,INTERSECTION,BRONX,,Precinct,Closed,05/30/2015 05:23:27 PM,The Police Department responded to the complaint and took action to fix the condition.,05/30/2015 07:48:45 PM,04 BRONX,BRONX,1008137.0,242505.0,Unspecified,BRONX,Unspecified,Unspecified,Unspecified,Unspecified,Unspecified,Unspecified,Unspecified,Unspecified,Unspecified,N,,,,,,,,,,,,40.8322633033,-73.9136814162,"(40.8322633033206, -73.91368141624298)"
86,30736654,05/30/2015 02:43:42 AM,05/30/2015 04:55:04 AM,NYPD,New York City Police Department,Noise - Street/Sidewalk,Loud Talking,Street/Sidewalk,10314.0,,,,,LATOURETTE LANE,ROCKLAND AVENUE,INTERSECTION,STATEN ISLAND,,Precinct,Closed,05/30/2015 10:43:42 AM,The Police Department responded to the complaint and with the information available observed no evidence of the violation at that time.,05/30/2015 04:55:04 AM,02 STATEN ISLAND,STATEN ISLAND,943598.0,153738.0,Unspecified,STATEN ISLAND,Unspecified,Unspecified,Unspecified,Unspecified,Unspecified,Unspecified,Unspecified,Unspecified,Unspecified,N,,,,,,,,,,,,40.588558228,-74.1463648934,"(40.58855822804757, -74.1463648933979)"
87,30736635,05/30/2015 11:00:07 PM,05/31/2015 02:02:07 AM,NYPD,New York City Police Department,Noise - Street/Sidewalk,Loud Music/Party,Street/Sidewalk,11207.0,,,,,,,LATLONG,BROOKLYN,,Precinct,Closed,05/31/2015 07:00:07 AM,The Police Department responded to the complaint and took action to fix the condition.,05/31/2015 02:02:07 AM,04 BROOKLYN,BROOKLYN,1009492.0,191593.0,Unspecified,BROOKLYN,Unspecified,Unspecified,Unspecified,Unspecified,Unspecified,Unspecified,Unspecified,Unspecified,Unspecified,N,,,,,,,,,,,,40.6925193025,-73.9089761356,"(40.692519302540056, -73.90897613560831)"
88,30734982,05/30/2015 10:20:44 PM,05/30/2015 10:27:04 PM,NYPD,New York City Police Department,Noise - Vehicle,Car/Truck Music,Street/Sidewalk,10472.0,,,,,BEACH AVENUE,WESTCHESTER AVENUE,INTERSECTION,BRONX,,Precinct,Closed,05/31/2015 06:20:44 AM,The Police Department responded to the complaint and took action to fix the condition.,05/30/2015 10:27:04 PM,09 BRONX,BRONX,1021234.0,242380.0,Unspecified,BRONX,Unspecified,Unspecified,Unspecified,Unspecified,Unspecified,Unspecified,Unspecified,Unspecified,Unspecified,N,,,,,,,,,,,,40.8318750809,-73.8663545612,"(40.831875080919744, -73.86635456121994)"
89,30731493,05/30/2015 01:10:38 PM,05/30/2015 03:05:51 PM,NYPD,New York City Police Department,Noise - Park,Loud Music/Party,Park/Playground,10007.0,31 CHAMBERS STREET,CHAMBERS STREET,CENTRE STREET,ELK STREET,,,ADDRESS,NEW YORK,,Precinct,Closed,05/30/2015 09:10:38 PM,The Police Department responded to the complaint and took action to fix the condition.,05/30/2015 03:05:51 PM,01 MANHATTAN,MANHATTAN,982965.0,199188.0,Unspecified,MANHATTAN,Unspecified,Unspecified,Unspecified,Unspecified,Unspecified,Unspecified,Unspecified,Unspecified,Unspecified,N,,,,,,,,,,,,40.7134016982,-74.0046352226,"(40.7134016982292, -74.00463522262078)"
90,31654172,10/01/2015 07:02:39 AM,10/01/2015 07:28:53 AM,NYPD,New York City Police Department,Illegal Parking,Posted Parking Sign Violation,Street/Sidewalk,11106.0,9 STREET,9 STREET,36 AVENUE,37 AVENUE,,,BLOCKFACE,ASTORIA,,Precinct,Closed,10/01/2015 03:02:39 PM,The Police Department responded to the complaint and with the information available observed no evidence of the violation at that time.,10/01/2015 07:28:54 AM,01 QUEENS,QUEENS,1000309.0,216541.0,Unspecified,QUEENS,Unspecified,Unspecified,Unspecified,Unspecified,Unspecified,Unspecified,Unspecified,Unspecified,Unspecified,N,,,,,,,,,,,,40.7610168982,-73.9420309271,"(40.761016898186476, -73.94203092714521)"
91,30736024,05/30/2015 08:23:56 AM,05/30/2015 10:53:20 AM,NYPD,New York City Police Department,Blocked Driveway,No Access,Street/Sidewalk,10314.0,201 ARLENE STREET,ARLENE STREET,LANDER AVENUE,COMMERCE STREET,,,ADDRESS,STATEN ISLAND,,Precinct,Closed,05/30/2015 04:23:56 PM,The Police Department responded and upon arrival those responsible for the condition were gone.,05/30/2015 10:53:20 AM,02 STATEN ISLAND,STATEN ISLAND,938672.0,162842.0,Unspecified,STATEN ISLAND,Unspecified,Unspecified,Unspecified,Unspecified,Unspecified,Unspecified,Unspecified,Unspecified,Unspecified,N,,,,,,,,,,,,40.6135228562,-74.1641620265,"(40.61352285616239, -74.16416202650711)"
92,30986795,07/02/2015 12:09:59 AM,07/02/2015 12:37:47 AM,NYPD,New York City Police Department,Noise - Street/Sidewalk,Loud Music/Party,Street/Sidewalk,10035.0,20 PALADINO AVENUE,PALADINO AVENUE,1 AVENUE,BEND,,,ADDRESS,NEW YORK,,Precinct,Closed,07/02/2015 08:09:59 AM,The Police Department responded to the complaint and took action to fix the condition.,07/02/2015 12:37:47 AM,11 MANHATTAN,MANHATTAN,1003295.0,230879.0,Unspecified,MANHATTAN,Unspecified,Unspecified,Unspecified,Unspecified,Unspecified,Unspecified,Unspecified,Unspecified,Unspecified,N,,,,,,,,,,,,40.8003649706,-73.931211556,"(40.80036497064086, -73.9312115560449)"
93,30826584,06/11/2015 04:28:46 PM,06/19/2015 04:07:11 PM,DOT,Department of Transportation,Street Condition,Cave-in,Street,11228.0,9036 7 AVENUE,7 AVENUE,90 STREET,92 STREET,,,ADDRESS,BROOKLYN,,,Closed,06/21/2015 04:28:46 PM,The City inspected the condition you reported and asked the Department of Environmental Protection to address the issue.,06/19/2015 04:07:11 PM,10 BROOKLYN,BROOKLYN,978045.0,163604.0,Unspecified,BROOKLYN,Unspecified,Unspecified,Unspecified,Unspecified,Unspecified,Unspecified,Unspecified,Unspecified,Unspecified,N,,,,,,,,,,,,40.6157294402,-74.0223497841,"(40.61572944020301, -74.02234978412987)"
94,30954671,06/28/2015 08:03:46 PM,06/28/2015 09:26:12 PM,NYPD,New York City Police Department,Illegal Parking,Posted Parking Sign Violation,Street/Sidewalk,10312.0,10 ARBUTUS AVENUE,ARBUTUS AVENUE,AMBOY ROAD,EUGENE PLACE,,,ADDRESS,STATEN ISLAND,,Precinct,Closed,06/29/2015 04:03:46 AM,The Police Department responded to the complaint and determined that police action was not necessary.,06/28/2015 09:26:12 PM,03 STATEN ISLAND,STATEN ISLAND,932505.0,133842.0,Unspecified,STATEN ISLAND,Unspecified,Unspecified,Unspecified,Unspecified,Unspecified,Unspecified,Unspecified,Unspecified,Unspecified,N,,,,,,,,,,,,40.5338898533,-74.1861521849,"(40.53388985331853, -74.18615218490481)"
95,30828852,06/11/2015 08:23:26 PM,10/05/2015 12:56:33 PM,DOT,Department of Transportation,Street Condition,"Rough, Pitted or Cracked Roads",Street,11427.0,,,,,221 STREET,89 AVENUE,INTERSECTION,QUEENS VILLAGE,,,Closed,10/08/2015 03:02:01 PM,"The Department of Transportation will inspect the condition to determine if the location can be added to a curb contract (3-5 years). The property owner will be notified if there are sidewalk defects. Property owners are responsible for repairing and installing sidewalks adjoining their property, according to Section 19-152 of the NYC Administrative Code. Community Boards and elected officials may contribute funding for curb, affecting timeframe for construction.",10/05/2015 12:56:33 PM,13 QUEENS,QUEENS,1055639.0,205311.0,Unspecified,QUEENS,Unspecified,Unspecified,Unspecified,Unspecified,Unspecified,Unspecified,Unspecified,Unspecified,Unspecified,N,,,,,,,,,,,,40.7299198616,-73.7424230279,"(40.72991986164433, -73.74242302792418)"
96,30827906,06/11/2015 07:51:06 AM,06/16/2015 04:15:05 PM,DOT,Department of Transportation,Street Condition,Failed Street Repair,Street,11215.0,,,,,19 STREET,8 AVENUE,INTERSECTION,BROOKLYN,,,Closed,06/21/2015 07:51:06 AM,The City inspected the condition you reported and asked the Department of Environmental Protection to address the issue.,06/16/2015 04:15:05 PM,07 BROOKLYN,BROOKLYN,988235.0,179180.0,Unspecified,BROOKLYN,Unspecified,Unspecified,Unspecified,Unspecified,Unspecified,Unspecified,Unspecified,Unspecified,Unspecified,N,,,,,,,,,,,,40.6584835148,-73.9856372329,"(40.658483514837904, -73.98563723287994)"
97,31918159,11/05/2015 11:30:56 AM,11/05/2015 06:11:24 PM,NYPD,New York City Police Department,Blocked Driveway,Partial Access,Street/Sidewalk,10011.0,548 WEST 22 STREET,WEST 22 STREET,HIGH LINE,11 AVENUE,,,ADDRESS,NEW YORK,,Precinct,Closed,11/05/2015 07:30:56 PM,The Police Department responded to the complaint and with the information available observed no evidence of the violation at that time.,11/05/2015 06:11:24 PM,04 MANHATTAN,MANHATTAN,982522.0,211675.0,Unspecified,MANHATTAN,Unspecified,Unspecified,Unspecified,Unspecified,Unspecified,Unspecified,Unspecified,Unspecified,Unspecified,N,,,,,,,,,,,,40.7476753802,-74.0062364089,"(40.74767538021111, -74.0062364088723)"
98,30825672,06/11/2015 02:38:12 PM,06/11/2015 02:38:55 PM,HRA,HRA Benefit Card Replacement,Benefit Card Replacement,Food Stamp,NYC Street Address,,,,,,,,,,,,Closed,,"The Human Resources Administration received your request. If you are eligible for a benefit card replacement, you will receive it in 7 to 10 business days. No further updates will be available by calling 311 or on 311 Online.",,0 Unspecified,Unspecified,,,Unspecified,Unspecified,Unspecified,Unspecified,Unspecified,Unspecified,Unspecified,Unspecified,Unspecified,Unspecified,Unspecified,N,,,,,,,,,,,,,,
99,30825927,06/11/2015 01:37:50 PM,06/23/2015 08:42:43 AM,DPR,Department of Parks and Recreation,Dead Tree,Dead/Dying Tree,Street,11238.0,,,,,CLASSON AVENUE,LEFFERTS PLACE,INTERSECTION,BROOKLYN,,,Closed,06/18/2015 02:05:54 PM,The condition was inspected and it was determined that no work order was necessary. The condition will not be inspected again for at least 90 days.,06/23/2015 08:42:43 AM,02 BROOKLYN,BROOKLYN,995789.0,187312.0,Unspecified,BROOKLYN,Unspecified,Unspecified,Unspecified,Unspecified,Unspecified,Unspecified,Unspecified,Unspecified,Unspecified,N,,,,,,,,,,,,40.680797414,-73.9583971317,"(40.68079741396158, -73.9583971317117)"
